timestamp	commit	skill	old_score	new_score	status	dimension	note	eval_mode
2026-06-19T06:31	baseline	lushouhei-writer	-	80.2	baseline	-	初始评估(改名+换人设后)	dry_run
2026-06-19T06:31	filebak	lushouhei-writer	80.2	83.2	keep	检查点设计(dim4)	新增2处🔴CHECKPOINT+🛑STOP分支	dry_run
2026-06-20T11:28	baseline	finance-master-skill	-	60.3	baseline	-	初始评估	dry_run
2026-06-20T11:28	filebak	finance-master-skill	60.3	72.7	keep	dim1+dim3+dim6	补触发词+if-then速查表+链接9个参考文件	dry_run
2026-06-20T11:36	baseline	huashu-nuwa	-	84.2	baseline	-	初始评估(已高度成熟)	dry_run
2026-06-20T11:36	filebak	huashu-nuwa	84.2	86.0	keep	检查点设计(dim4)	4处文字检查点升级为🔴CHECKPOINT🛑STOP视觉标记	dry_run
2026-06-20T11:43	baseline	neat-freak	-	81	baseline	-	并行子agent优化	dry_run
2026-06-20T11:43	filebak	neat-freak	81	87	keep	dim4	删除前🔴CHECKPOINT🛑STOP+矛盾记忆停改	dry_run
2026-06-20T11:43	baseline	storage-analyzer	-	78.8	baseline	-	并行子agent优化	dry_run
2026-06-20T11:43	filebak	storage-analyzer	78.8	84.2	keep	dim4+dim9	删除前🔴确认+🚫黑名单7条	dry_run
2026-06-20T11:43	baseline	re-security-perspective	-	76.5	baseline	-	并行子agent优化	dry_run
2026-06-20T11:43	filebak	re-security-perspective	76.5	88.5	keep	dim3+dim4	授权🛑CHECKPOINT-0+失败if-then表	dry_run
2026-06-20T11:43	baseline	ai-minds-perspective	-	65.7	baseline	-	并行子agent优化	dry_run
2026-06-20T11:43	filebak	ai-minds-perspective	65.7	76.9	keep	dim3+dim4+dim9	失败IF/THEN表+🔴检查点+红线6条	dry_run
2026-06-20T11:43	baseline	lushouhei-writer	-	78	baseline	-	并行子agent优化	dry_run
2026-06-20T11:43	filebak	lushouhei-writer	78	84	keep	dim3	写作失败分支7类if-then+L4返工上限	dry_run
2026-06-20T21:43	baseline	crossplatform-master-skill	-	56.7	baseline	-	初始评估	dry_run
2026-06-20T21:43	filebak	crossplatform-master-skill	56.7	72.0	keep	dim1+dim3+dim4+dim6+dim9	补触发词+if-then速查+🔴支付红线+链接6文件	dry_run
2026-06-21T00:00	baseline	family-wealth-master-skill	-	39.3	baseline	-	投资skill缺风险红线/检查点;带skill实测反不如裸跑	full_test
2026-06-21T00:10	e755b09	family-wealth-master-skill	39.3	60.0	keep	dim9+dim4	加风险红线黑名单+三道闸CHECKPOINT+心法非真人定位	dry_run
2026-06-21T00:15	ef3c81b	family-wealth-master-skill	60.0	63.0	keep	dim1	description补触发词+何时用/不用	dry_run
2026-06-21T00:25	cc7a8e5	family-wealth-master-skill	63.0	82.6	keep	dim3+dim5	三阶段if-then失败分支+精简至150%上限内;子agent复测9/10	full_test
2026-06-23T15:04	baseline	rush-purchase-builder	-	71.1	baseline	-	初始评估	full_test
2026-06-23T15:04	filebak	rush-purchase-builder	71.1	82.7	keep	dim3/4/9相关簇	加失败排查表+3个CHECKPOINT+红线反例清单+收description到1024内	full_test
2026-07-01T14:16	baseline	metallurgy-cad-master-skill	-	58.4	baseline	-	初始评估	dry_run
2026-07-01T14:16	filebak	metallurgy-cad-master-skill	58.4	73.2	keep	dim1+dim3+dim4+dim6	补触发词+出图前🔴自检+卡点if-then+链接4文件	dry_run
2026-09-09T10:18:00Z	028afd9	jiaoyuan	77	94	keep	cluster	Darwin 2.0 HL-1/2/3 upgrade	full_test
2026-09-24T05:40:00Z	baseline	feishu-master-skill	-	39.8	baseline	-	Phase1 2-judge mean (40.8/38.8); runtime_warn=0; 3 prompts	full_test
2026-09-24T05:40:00Z	baseline	creator-master-skill	-	48.1	baseline	-	Phase1 2-judge mean (47.0/49.2); runtime_warn=0; 3 prompts	full_test
2026-09-24T05:40:00Z	baseline	crossplatform-master-skill	-	57.6	baseline	-	Phase1 2-judge mean (57.9/57.3); runtime_warn=0; 3 prompts	full_test
2026-09-24T06:00:00Z	1348e2c	feishu-master-skill	43.4	58.9	keep	工作流+检查点(d2/d4簇,P0效果)	A/B blind paired 2 judges (57.3/60.5 vs 42.1/44.7); P2 no longer blocked by STOP	full_test
2026-09-24T06:20:00Z	a1b22e8	feishu-master-skill	54.8	64.5	keep	可执行具体性(d5)	A/B blind paired 2 judges (63.6/65.5 vs 54.6/55.0); label leak fixed	full_test
2026-09-24T06:40:00Z	2976555	feishu-master-skill	59.5	65.3	keep	Frontmatter(d1)	A/B blind paired 2 judges (65.0/65.5 vs 59.5/59.5); MAX_ROUNDS=3 reached, stop	full_test
2026-09-24T07:00:00Z	5859699	creator-master-skill	48.1	-	revert	工作流+检查点(d2/d4簇,P0效果)	executor ran (out_v1) but judge subagents denied by permission classifier; unvalidated -> reverted; creator/crossplatform loop halted	-
2026-09-24T07:30:00Z	5859699	creator-master-skill	49.6	61.6	keep	工作流+检查点(d2/d4簇,P0效果)	re-evaluated after permission fix: A/B blind paired 2 judges (61.9/61.4 vs 49.0/50.2); re-applied via revert-of-revert; note P3 lost 2nd no-face form	full_test
2026-09-24T07:40:00Z	final	feishu-master-skill	41.3	68.4	final	v0 vs v3	Phase3 direct A/B blind paired 2 judges (68.0/68.9 vs 40.2/42.4)	full_test
2026-09-24T07:50:00Z	a458849	creator-master-skill	60.6	65.4	keep	Frontmatter(d1)	A/B blind paired 2 judges (64.8/66.0 vs 60.1/61.1)	full_test
2026-09-24T08:10:00Z	9957faa	creator-master-skill	62.2	69.8	keep	失败模式编码(d3,P0效果)	A/B blind paired 2 judges (70.4/69.2 vs 63.4/61.0); P3 now offers 3 niches + 2 no-face forms; MAX_ROUNDS=3 reached	full_test
2026-09-24T08:10:00Z	final	creator-master-skill	48.2	69.9	final	v0 vs v3	Phase3 direct A/B blind paired 2 judges (69.5/70.3 vs 49.2/47.1)	full_test
2026-09-24T08:30:00Z	7d1581c	crossplatform-master-skill	60.7	67.8	keep	效果/误导性指令(P0)	A/B blind paired 2 judges (68.0/67.7 vs 60.1/61.2); P1 now gives directory tree	full_test
2026-09-24T08:50:00Z	6ef99b7	crossplatform-master-skill	64.0	70.3	keep	工作流(d2)	A/B blind paired 2 judges (68.8/71.8 vs 62.9/65.0); also fixed Vue3 reactivity error in fallback table	full_test
2026-09-24T09:10:00Z	a5436da	crossplatform-master-skill	66.6	71.4	keep	可执行具体性(d5)	A/B blind paired 2 judges (72.0/70.8 vs 66.5/66.8); MAX_ROUNDS=3 reached	full_test
2026-09-24T09:10:00Z	final	crossplatform-master-skill	60.0	72.0	final	v0 vs v3	Phase3 direct A/B blind paired 2 judges (72.6/71.5 vs 59.8/60.1)	full_test
2026-09-24T10:00:00Z	baseline	obsidian-master-skill	-	45.9	baseline	-	Phase1 2-judge mean (49.0/42.8); runtime_warn=0; 3 prompts	full_test
2026-09-24T10:00:00Z	baseline	finance-master-skill	-	53.1	baseline	-	Phase1 2-judge mean (52.2/54.0); runtime_warn=0; 3 prompts	full_test
2026-09-24T10:00:00Z	baseline	lushouhei-writer	-	62.4	baseline	-	Phase1 2-judge mean (61.1/63.8); runtime_warn=0; 3 prompts	full_test
2026-09-24T10:40:00Z	a68eadb	obsidian-master-skill	45.5	57.8	keep	分流+重构流程(P0效果,d2/3/4簇)	A/B blind paired 2 judges (56.3/59.2 vs 44.6/46.4)	full_test
2026-09-24T10:40:00Z	4ee66fa	finance-master-skill	53.1	62.3	keep	第零步路由+收窄CHECKPOINT(P0效果)	A/B blind paired 2 judges (63.9/60.6 vs 53.1/53.1); judges flagged P3 phone never amortized -> fix in R2	full_test
2026-09-24T11:00:00Z	6abb978	lushouhei-writer	62.3	73.3	keep	CHECKPOINT放行条件(P0效果,d4)	A/B blind paired 2 judges (74.2/72.5 vs 62.3/62.4); P1/P2 now deliver full drafts	full_test
2026-09-24T11:30:00Z	03f0918	finance-master-skill	60.8	68.1	keep	可执行具体性(d5)	A/B blind paired 2 judges (66.2/70.0 vs 58.9/62.7); installment amortization fixed	full_test
2026-09-24T11:30:00Z	b74ab1b	obsidian-master-skill	59.0	60.3	keep	Frontmatter(d1)	A/B blind paired 2 judges (61.8/58.9 vs 60.9/57.2); delta<2 (HL-4 watch)	full_test
2026-09-24T12:10:00Z	1ead852	obsidian-master-skill	58.8	64.0	keep	可执行具体性(d5)	A/B blind paired 2 judges (62.3/65.8 vs 58.6/58.9); side effect: step-1 STOP defers MOC answer in P1; MAX_ROUNDS=3	full_test
2026-09-24T12:10:00Z	final	obsidian-master-skill	40.0	61.5	final	v0 vs v3	Phase3 direct A/B blind paired 2 judges (59.5/63.5 vs 40.0/40.0)	full_test
2026-09-24T12:10:00Z	dc1d983	finance-master-skill	65.3	69.4	keep	反例黑名单(d9)	A/B blind paired 2 judges (70.6/68.2 vs 65.6/65.0); MAX_ROUNDS=3	full_test
2026-09-24T12:10:00Z	final	finance-master-skill	52.1	72.0	final	v0 vs v3	Phase3 direct A/B blind paired 2 judges (71.5/72.5 vs 51.4/52.8)	full_test
2026-09-24T12:10:00Z	ce9a50c	lushouhei-writer	70.0	75.7	keep	放行分支规则(P0效果,d3)	A/B blind paired 2 judges (75.0/76.2 vs 68.7/71.3); keeps user's stance, no invented scenes; drafts thinner	full_test
2026-09-24T12:50:00Z	3398745	lushouhei-writer	72.3	75.6	keep	工作流(d2)	A/B blind paired 2 judges (75.7/75.4 vs 72.8/71.8); MAX_ROUNDS=3	full_test
2026-09-24T12:50:00Z	final	lushouhei-writer	62.5	75.0	final	v0 vs v3	Phase3 direct A/B blind paired 2 judges (74.5/75.4 vs 63.5/61.5)	full_test
2026-09-24T13:30:00Z	4a7c050	obsidian-master-skill	63.5	69.2	keep	R4 用户追加轮:STOP范围(P0效果)	A/B blind paired 2 judges (68.5/69.8 vs 63.0/64.0); P1 now answers MOC design directly	full_test
2026-09-24T13:30:00Z	4880697	lushouhei-writer	71.9	76.8	keep	R4 用户追加轮:字数+编造禁令(P0效果)	A/B blind paired 2 judges (77.3/76.2 vs 71.8/72.0); drafts now 4000+ chars	full_test
2026-09-24T14:00:00Z	final	obsidian-master-skill	46.9	68.8	final	v0 vs v4	Phase3 direct A/B blind paired 2 judges after extra round (68.3/69.2 vs 47.9/45.9)	full_test
2026-09-24T14:00:00Z	final	lushouhei-writer	62.0	76.1	final	v0 vs v4	Phase3 direct A/B blind paired 2 judges after extra round (77.2/75.1 vs 63.5/60.6)	full_test
